"Ticket";"Symbol";"Type";"Open price";"Close price";"Open time";"Close time";"Size";"Profit/Loss";"Stop Loss price level";"Profit Target price level";"Balance";"Slippage ($)";"Sample type";"Close type";"Time in trade";"Comm/Swap"
"1";"XAUUSD_M1_dukas_UTC2";"Buy";"1312.72";"1320.26";"2018.01.02 17:00:00";"2018.01.05 22:55:00";"1.0";"589.80";"1297.71997";"1327.71997";"50589.80";"0.00";"IST";"End Of Friday (Time)";"3d 5h 55m";"-164.20"
"2";"XAUUSD_M1_dukas_UTC2";"Buy";"1319.91";"1334.91";"2018.01.08 16:45:00";"2018.01.12 20:31:00";"1.0";"1302.96";"1304.91003";"1334.91003";"51892.76";"0.00";"IST";"PT";"4d 3h 46m";"-197.04"
"3";"XAUUSD_M1_dukas_UTC2";"Buy";"1342.00";"1327.00";"2018.01.15 16:15:00";"2018.01.17 22:00:00";"1.0";"-1565.68";"1327.00000";"1357.00000";"50327.08";"0.00";"IST";"SL";"2d 5h 45m";"-65.68"
"4";"XAUUSD_M1_dukas_UTC2";"Buy";"1329.49";"1332.82";"2018.01.18 17:45:00";"2018.01.19 22:55:00";"1.0";"300.16";"1314.48999";"1344.48999";"50627.24";"0.00";"IST";"End Of Friday (Time)";"1d 5h 10m";"-32.84"
"5";"XAUUSD_M1_dukas_UTC2";"Buy";"1332.34";"1347.34";"2018.01.22 16:45:00";"2018.01.24 10:46:00";"1.0";"1434.32";"1317.33997";"1347.33997";"52061.56";"0.00";"IST";"PT";"1d 18h 1m";"-65.68"
"6";"XAUUSD_M1_dukas_UTC2";"Buy";"1353.57";"1349.47";"2018.01.24 18:00:00";"2018.01.26 22:55:00";"1.0";"-541.36";"1338.56995";"1368.56995";"51520.20";"0.00";"IST";"End Of Friday (Time)";"2d 4h 55m";"-131.36"
"7";"XAUUSD_M1_dukas_UTC2";"Buy";"1343.02";"1328.02";"2018.01.29 16:45:00";"2018.02.02 17:36:00";"1.0";"-1697.04";"1328.02002";"1358.02002";"49823.16";"0.00";"IST";"SL";"4d 0h 51m";"-197.04"
"8";"XAUUSD_M1_dukas_UTC2";"Buy";"1332.66";"1329.88";"2018.02.02 21:00:00";"2018.02.02 22:55:00";"1.0";"-278.00";"1317.66003";"1347.66003";"49545.16";"0.00";"IST";"End Of Friday (Time)";"1h 55m";"-0.00"
"9";"XAUUSD_M1_dukas_UTC2";"Buy";"1335.77";"1320.77";"2018.02.05 16:45:00";"2018.02.06 22:24:00";"1.0";"-1532.84";"1320.77002";"1350.77002";"48012.32";"0.00";"IST";"SL";"1d 5h 39m";"-32.84"
"10";"XAUUSD_M1_dukas_UTC2";"Buy";"1321.56";"1313.06";"2018.02.07 17:45:00";"2018.02.09 22:55:00";"1.0";"-981.36";"1306.56006";"1336.56006";"47030.96";"0.00";"IST";"End Of Friday (Time)";"2d 5h 10m";"-131.36"
"11";"XAUUSD_M1_dukas_UTC2";"Buy";"1325.10";"1340.10";"2018.02.12 19:30:00";"2018.02.14 17:08:00";"1.0";"1434.32";"1310.09998";"1340.09998";"48465.28";"0.00";"IST";"PT";"1d 21h 38m";"-65.68"
"12";"XAUUSD_M1_dukas_UTC2";"Buy";"1351.26";"1348.64";"2018.02.15 15:30:00";"2018.02.16 22:55:00";"1.0";"-294.84";"1336.26001";"1366.26001";"48170.44";"0.00";"IST";"End Of Friday (Time)";"1d 7h 25m";"-32.84"
"13";"XAUUSD_M1_dukas_UTC2";"Buy";"1347.94";"1332.94";"2018.02.19 19:00:00";"2018.02.20 18:19:00";"1.0";"-1532.84";"1332.93994";"1362.93994";"46637.60";"0.00";"IST";"SL";"23h 19m";"-32.84"
"14";"XAUUSD_M1_dukas_UTC2";"Buy";"1330.60";"1329.20";"2018.02.21 17:30:00";"2018.02.23 22:55:00";"1.0";"-271.36";"1315.59998";"1345.59998";"46366.24";"0.00";"IST";"End Of Friday (Time)";"2d 5h 25m";"-131.36"
"15";"XAUUSD_M1_dukas_UTC2";"Buy";"1331.70";"1316.70";"2018.02.26 21:00:00";"2018.02.27 17:54:00";"1.0";"-1532.84";"1316.69995";"1346.69995";"44833.40";"0.00";"IST";"SL";"20h 54m";"-32.84"
"16";"XAUUSD_M1_dukas_UTC2";"Buy";"1318.13";"1303.13";"2018.02.28 17:00:00";"2018.03.01 17:22:00";"1.0";"-1598.52";"1303.13000";"1333.13000";"43234.88";"0.00";"IST";"SL";"1d 0h 22m";"-98.52"
"17";"XAUUSD_M1_dukas_UTC2";"Buy";"1309.78";"1324.78";"2018.03.01 20:00:00";"2018.03.02 15:57:00";"1.0";"1467.16";"1294.78003";"1324.78003";"44702.04";"0.00";"IST";"PT";"19h 57m";"-32.84"
"18";"XAUUSD_M1_dukas_UTC2";"Buy";"1323.06";"1321.70";"2018.03.02 17:00:00";"2018.03.02 22:55:00";"1.0";"-136.01";"1308.06006";"1338.06006";"44566.03";"0.00";"IST";"End Of Friday (Time)";"5h 55m";"-0.00"
"19";"XAUUSD_M1_dukas_UTC2";"Buy";"1320.97";"1335.97";"2018.03.05 18:45:00";"2018.03.06 17:46:00";"1.0";"1467.16";"1305.96997";"1335.96997";"46033.19";"0.00";"IST";"PT";"23h 1m";"-32.84"
"20";"XAUUSD_M1_dukas_UTC2";"Buy";"1335.28";"1320.28";"2018.03.06 19:15:00";"2018.03.08 17:02:00";"1.0";"-1631.36";"1320.28003";"1350.28003";"44401.83";"0.00";"IST";"SL";"1d 21h 47m";"-131.36"
"21";"XAUUSD_M1_dukas_UTC2";"Buy";"1321.04";"1322.82";"2018.03.08 19:15:00";"2018.03.09 22:55:00";"1.0";"145.15";"1306.04004";"1336.04004";"44546.98";"0.00";"IST";"End Of Friday (Time)";"1d 3h 40m";"-32.84"
"22";"XAUUSD_M1_dukas_UTC2";"Buy";"1317.47";"1313.48";"2018.03.12 16:30:00";"2018.03.16 22:55:00";"1.0";"-596.04";"1302.46997";"1332.46997";"43950.94";"0.00";"IST";"End Of Friday (Time)";"4d 6h 25m";"-197.04"
"23";"XAUUSD_M1_dukas_UTC2";"Buy";"1313.07";"1328.07";"2018.03.19 16:45:00";"2018.03.21 20:15:00";"1.0";"1434.32";"1298.06995";"1328.06995";"45385.26";"0.00";"IST";"PT";"2d 3h 30m";"-65.68"
"24";"XAUUSD_M1_dukas_UTC2";"Buy";"1329.56";"1344.56";"2018.03.22 15:30:00";"2018.03.23 14:20:00";"1.0";"1467.16";"1314.56006";"1344.56006";"46852.42";"0.00";"IST";"PT";"22h 50m";"-32.84"
"25";"XAUUSD_M1_dukas_UTC2";"Buy";"1347.23";"1347.50";"2018.03.23 16:30:00";"2018.03.23 22:55:00";"1.0";"27.00";"1332.22998";"1362.22998";"46879.42";"0.00";"IST";"End Of Friday (Time)";"6h 25m";"-0.00"
"26";"XAUUSD_M1_dukas_UTC2";"Buy";"1348.03";"1333.03";"2018.03.26 15:45:00";"2018.03.28 15:30:00";"1.0";"-1565.68";"1333.03003";"1363.03003";"45313.74";"0.00";"IST";"SL";"1d 23h 45m";"-65.68"
"27";"XAUUSD_M1_dukas_UTC2";"Buy";"1323.80";"1338.80";"2018.03.29 15:30:00";"2018.04.02 18:14:00";"1.0";"1434.32";"1308.80005";"1338.80005";"46748.06";"0.00";"IST";"PT";"4d 2h 44m";"-65.68"
"28";"XAUUSD_M1_dukas_UTC2";"Buy";"1336.46";"1321.46";"2018.04.03 16:15:00";"2018.04.06 10:29:00";"1.0";"-1664.20";"1321.45996";"1351.45996";"45083.86";"0.00";"IST";"SL";"2d 18h 14m";"-164.20"
"29";"XAUUSD_M1_dukas_UTC2";"Buy";"1331.79";"1332.94";"2018.04.06 18:00:00";"2018.04.06 22:55:00";"1.0";"114.99";"1316.79004";"1346.79004";"45198.85";"0.00";"IST";"End Of Friday (Time)";"4h 55m";"-0.00"
"30";"XAUUSD_M1_dukas_UTC2";"Buy";"1332.23";"1347.23";"2018.04.09 17:00:00";"2018.04.11 13:24:00";"1.0";"1434.32";"1317.22998";"1347.22998";"46633.17";"0.00";"IST";"PT";"1d 20h 24m";"-65.68"
"31";"XAUUSD_M1_dukas_UTC2";"Buy";"1352.56";"1337.56";"2018.04.11 17:00:00";"2018.04.12 18:19:00";"1.0";"-1598.52";"1337.56006";"1367.56006";"45034.65";"0.00";"IST";"SL";"1d 1h 19m";"-98.52"
"32";"XAUUSD_M1_dukas_UTC2";"Buy";"1338.15";"1344.59";"2018.04.12 20:00:00";"2018.04.13 22:55:00";"1.0";"611.15";"1323.15002";"1353.15002";"45645.80";"0.00";"IST";"End Of Friday (Time)";"1d 2h 55m";"-32.84"
"33";"XAUUSD_M1_dukas_UTC2";"Buy";"1343.78";"1336.09";"2018.04.16 15:30:00";"2018.04.20 22:55:00";"1.0";"-966.05";"1328.78003";"1358.78003";"44679.75";"0.00";"IST";"End Of Friday (Time)";"4d 7h 25m";"-197.04"
"34";"XAUUSD_M1_dukas_UTC2";"Buy";"1323.05";"1323.04";"2018.04.23 20:15:00";"2018.04.27 22:55:00";"1.0";"-198.04";"1308.05005";"1338.05005";"44481.71";"0.00";"IST";"End Of Friday (Time)";"4d 2h 40m";"-197.04"
"35";"XAUUSD_M1_dukas_UTC2";"Buy";"1308.06";"1314.47";"2018.05.01 16:00:00";"2018.05.04 22:55:00";"1.0";"476.79";"1293.06006";"1323.06006";"44958.50";"0.00";"IST";"End Of Friday (Time)";"3d 6h 55m";"-164.20"
"36";"XAUUSD_M1_dukas_UTC2";"Buy";"1312.02";"1319.21";"2018.05.07 17:00:00";"2018.05.11 22:55:00";"1.0";"521.95";"1297.02002";"1327.02002";"45480.45";"0.00";"IST";"End Of Friday (Time)";"4d 5h 55m";"-197.04"
"37";"XAUUSD_M1_dukas_UTC2";"Buy";"1319.07";"1304.07";"2018.05.14 17:30:00";"2018.05.15 15:31:00";"1.0";"-1532.84";"1304.06995";"1334.06995";"43947.61";"0.00";"IST";"SL";"22h 1m";"-32.84"
"38";"XAUUSD_M1_dukas_UTC2";"Buy";"1294.44";"1292.41";"2018.05.15 18:45:00";"2018.05.18 22:55:00";"1.0";"-367.19";"1279.43994";"1309.43994";"43580.42";"0.00";"IST";"End Of Friday (Time)";"3d 4h 10m";"-164.20"
"39";"XAUUSD_M1_dukas_UTC2";"Buy";"1288.20";"1303.20";"2018.05.21 18:00:00";"2018.05.24 16:50:00";"1.0";"1335.80";"1273.19995";"1303.19995";"44916.22";"0.00";"IST";"PT";"2d 22h 50m";"-164.20"
"40";"XAUUSD_M1_dukas_UTC2";"Buy";"1304.67";"1300.97";"2018.05.24 19:00:00";"2018.05.25 22:55:00";"1.0";"-402.85";"1289.67004";"1319.67004";"44513.37";"0.00";"IST";"End Of Friday (Time)";"1d 3h 55m";"-32.84"
"41";"XAUUSD_M1_dukas_UTC2";"Buy";"1298.01";"1293.59";"2018.05.28 16:00:00";"2018.06.01 22:55:00";"1.0";"-639.04";"1283.01001";"1313.01001";"43874.33";"0.00";"IST";"End Of Friday (Time)";"4d 6h 55m";"-197.04"
"42";"XAUUSD_M1_dukas_UTC2";"Buy";"1296.22";"1298.70";"2018.06.04 16:45:00";"2018.06.08 22:55:00";"1.0";"50.96";"1281.21997";"1311.21997";"43925.29";"0.00";"IST";"End Of Friday (Time)";"4d 6h 10m";"-197.04"
"43";"XAUUSD_M1_dukas_UTC2";"Buy";"1299.75";"1284.75";"2018.06.11 17:45:00";"2018.06.15 16:45:00";"1.0";"-1697.04";"1284.75000";"1314.75000";"42228.25";"0.00";"IST";"SL";"3d 23h 0m";"-197.04"
"44";"XAUUSD_M1_dukas_UTC2";"Buy";"1279.24";"1264.24";"2018.06.18 17:30:00";"2018.06.21 08:16:00";"1.0";"-1664.20";"1264.23999";"1294.23999";"40564.05";"0.00";"IST";"SL";"2d 14h 46m";"-164.20"
"45";"XAUUSD_M1_dukas_UTC2";"Buy";"1268.71";"1270.08";"2018.06.22 15:30:00";"2018.06.22 22:55:00";"1.0";"137.00";"1253.70996";"1283.70996";"40701.05";"0.00";"IST";"End Of Friday (Time)";"7h 25m";"-0.00"
"46";"XAUUSD_M1_dukas_UTC2";"Buy";"1267.41";"1252.41";"2018.06.25 16:00:00";"2018.06.27 18:24:00";"1.0";"-1565.68";"1252.41003";"1282.41003";"39135.37";"0.00";"IST";"SL";"2d 2h 24m";"-65.68"
"47";"XAUUSD_M1_dukas_UTC2";"Buy";"1253.52";"1252.45";"2018.06.27 18:30:00";"2018.06.29 22:55:00";"1.0";"-238.37";"1238.52002";"1268.52002";"38897.00";"0.00";"IST";"End Of Friday (Time)";"2d 4h 25m";"-131.36"
"48";"XAUUSD_M1_dukas_UTC2";"Buy";"1248.74";"1254.99";"2018.07.02 16:00:00";"2018.07.06 22:55:00";"1.0";"427.96";"1233.73999";"1263.73999";"39324.96";"0.00";"IST";"End Of Friday (Time)";"4d 6h 55m";"-197.04"
"49";"XAUUSD_M1_dukas_UTC2";"Buy";"1264.55";"1249.55";"2018.07.09 15:30:00";"2018.07.10 14:00:00";"1.0";"-1532.84";"1249.55005";"1279.55005";"37792.12";"0.00";"IST";"SL";"22h 30m";"-32.84"
"50";"XAUUSD_M1_dukas_UTC2";"Buy";"1254.39";"1239.39";"2018.07.10 17:30:00";"2018.07.13 12:21:00";"1.0";"-1664.20";"1239.39001";"1269.39001";"36127.92";"0.00";"IST";"SL";"2d 18h 51m";"-164.20"
"51";"XAUUSD_M1_dukas_UTC2";"Buy";"1240.38";"1241.37";"2018.07.13 17:00:00";"2018.07.13 22:55:00";"1.0";"99.00";"1225.38000";"1255.38000";"36226.92";"0.00";"IST";"End Of Friday (Time)";"5h 55m";"-0.00"
"52";"XAUUSD_M1_dukas_UTC2";"Buy";"1224.36";"1230.22";"2018.07.18 17:00:00";"2018.07.20 22:55:00";"1.0";"454.64";"1209.35999";"1239.35999";"36681.56";"0.00";"IST";"End Of Friday (Time)";"2d 5h 55m";"-131.36"
"53";"XAUUSD_M1_dukas_UTC2";"Buy";"1229.61";"1223.34";"2018.07.23 15:30:00";"2018.07.27 22:55:00";"1.0";"-824.04";"1214.60999";"1244.60999";"35857.52";"0.00";"IST";"End Of Friday (Time)";"4d 7h 25m";"-197.04"
"54";"XAUUSD_M1_dukas_UTC2";"Buy";"1221.98";"1206.98";"2018.07.30 15:30:00";"2018.08.02 23:58:00";"1.0";"-1697.04";"1206.97998";"1236.97998";"34160.48";"0.00";"IST";"SL";"3d 8h 28m";"-197.04"
"55";"XAUUSD_M1_dukas_UTC2";"Buy";"1217.69";"1213.28";"2018.08.03 18:45:00";"2018.08.03 22:55:00";"1.0";"-440.99";"1202.68994";"1232.68994";"33719.49";"0.00";"IST";"End Of Friday (Time)";"4h 10m";"-0.00"
"56";"XAUUSD_M1_dukas_UTC2";"Buy";"1210.42";"1211.22";"2018.08.06 19:15:00";"2018.08.10 22:55:00";"1.0";"-117.05";"1195.42004";"1225.42004";"33602.44";"0.00";"IST";"End Of Friday (Time)";"4d 3h 40m";"-197.04"
"57";"XAUUSD_M1_dukas_UTC2";"Buy";"1199.83";"1184.83";"2018.08.13 17:00:00";"2018.08.15 13:31:00";"1.0";"-1565.68";"1184.82996";"1214.82996";"32036.76";"0.00";"IST";"SL";"1d 20h 31m";"-65.68"
"58";"XAUUSD_M1_dukas_UTC2";"Buy";"1185.29";"1170.29";"2018.08.15 16:00:00";"2018.08.16 03:20:00";"1.0";"-1598.52";"1170.29004";"1200.29004";"30438.24";"0.00";"IST";"SL";"11h 20m";"-98.52"
"59";"XAUUSD_M1_dukas_UTC2";"Buy";"1178.16";"1183.63";"2018.08.16 15:30:00";"2018.08.17 22:55:00";"1.0";"514.16";"1163.16003";"1193.16003";"30952.40";"0.00";"IST";"End Of Friday (Time)";"1d 7h 25m";"-32.84"
"60";"XAUUSD_M1_dukas_UTC2";"Buy";"1186.36";"1201.36";"2018.08.20 18:30:00";"2018.08.22 15:30:00";"1.0";"1434.32";"1171.35999";"1201.35999";"32386.72";"0.00";"IST";"PT";"1d 21h 0m";"-65.68"
"61";"XAUUSD_M1_dukas_UTC2";"Buy";"1198.93";"1183.93";"2018.08.22 16:15:00";"2018.08.23 22:04:00";"1.0";"-1598.52";"1183.93005";"1213.93005";"30788.20";"0.00";"IST";"SL";"1d 5h 49m";"-98.52"
"62";"XAUUSD_M1_dukas_UTC2";"Buy";"1205.54";"1204.73";"2018.08.24 20:00:00";"2018.08.24 22:55:00";"1.0";"-81.01";"1190.54004";"1220.54004";"30707.19";"0.00";"IST";"End Of Friday (Time)";"2h 55m";"-0.00"
"63";"XAUUSD_M1_dukas_UTC2";"Buy";"1205.63";"1199.41";"2018.08.27 16:30:00";"2018.08.31 22:55:00";"1.0";"-819.04";"1190.63000";"1220.63000";"29888.15";"0.00";"IST";"End Of Friday (Time)";"4d 6h 25m";"-197.04"
"64";"XAUUSD_M1_dukas_UTC2";"Buy";"1200.44";"1195.91";"2018.09.03 16:45:00";"2018.09.07 22:55:00";"1.0";"-650.03";"1185.43994";"1215.43994";"29238.12";"0.00";"IST";"End Of Friday (Time)";"4d 6h 10m";"-197.04"
"65";"XAUUSD_M1_dukas_UTC2";"Buy";"1196.69";"1211.69";"2018.09.10 18:15:00";"2018.09.13 16:02:00";"1.0";"1335.80";"1181.68994";"1211.68994";"30573.92";"0.00";"IST";"PT";"2d 21h 47m";"-164.20"
"66";"XAUUSD_M1_dukas_UTC2";"Buy";"1208.37";"1193.37";"2018.09.13 17:15:00";"2018.09.14 19:41:00";"1.0";"-1532.84";"1193.37000";"1223.37000";"29041.08";"0.00";"IST";"SL";"1d 2h 26m";"-32.84"
"67";"XAUUSD_M1_dukas_UTC2";"Buy";"1194.51";"1194.03";"2018.09.14 21:15:00";"2018.09.14 22:55:00";"1.0";"-48.00";"1179.51001";"1209.51001";"28993.08";"0.00";"IST";"End Of Friday (Time)";"1h 40m";"-0.00"
"68";"XAUUSD_M1_dukas_UTC2";"Buy";"1203.10";"1198.70";"2018.09.17 18:45:00";"2018.09.21 22:55:00";"1.0";"-637.04";"1188.09998";"1218.09998";"28356.04";"0.00";"IST";"End Of Friday (Time)";"4d 4h 10m";"-197.04"
"69";"XAUUSD_M1_dukas_UTC2";"Buy";"1198.93";"1183.93";"2018.09.24 15:30:00";"2018.09.27 16:15:00";"1.0";"-1664.20";"1183.93005";"1213.93005";"26691.84";"0.00";"IST";"SL";"3d 0h 45m";"-164.20"
"70";"XAUUSD_M1_dukas_UTC2";"Buy";"1183.77";"1191.47";"2018.09.27 20:30:00";"2018.09.28 22:55:00";"1.0";"737.16";"1168.77002";"1198.77002";"27429.00";"0.00";"IST";"End Of Friday (Time)";"1d 2h 25m";"-32.84"
"71";"XAUUSD_M1_dukas_UTC2";"Buy";"1188.67";"1203.67";"2018.10.01 16:45:00";"2018.10.02 16:56:00";"1.0";"1467.16";"1173.67004";"1203.67004";"28896.16";"0.00";"IST";"PT";"1d 0h 11m";"-32.84"
"72";"XAUUSD_M1_dukas_UTC2";"Buy";"1204.82";"1202.97";"2018.10.02 19:00:00";"2018.10.05 22:55:00";"1.0";"-349.20";"1189.81995";"1219.81995";"28546.96";"0.00";"IST";"End Of Friday (Time)";"3d 3h 55m";"-164.20"
"73";"XAUUSD_M1_dukas_UTC2";"Buy";"1186.65";"1201.65";"2018.10.08 17:30:00";"2018.10.11 12:40:00";"1.0";"1335.80";"1171.65002";"1201.65002";"29882.76";"0.00";"IST";"PT";"2d 19h 10m";"-164.20"
"74";"XAUUSD_M1_dukas_UTC2";"Buy";"1220.26";"1218.34";"2018.10.12 15:45:00";"2018.10.12 22:55:00";"1.0";"-192.00";"1205.26001";"1235.26001";"29690.76";"0.00";"IST";"End Of Friday (Time)";"7h 10m";"-0.00"
"75";"XAUUSD_M1_dukas_UTC2";"Buy";"1225.02";"1226.23";"2018.10.15 16:15:00";"2018.10.19 22:55:00";"1.0";"-76.04";"1210.02002";"1240.02002";"29614.72";"0.00";"IST";"End Of Friday (Time)";"4d 6h 40m";"-197.04"
"76";"XAUUSD_M1_dukas_UTC2";"Buy";"1222.11";"1237.11";"2018.10.22 16:15:00";"2018.10.23 14:41:00";"1.0";"1467.16";"1207.10999";"1237.10999";"31081.88";"0.00";"IST";"PT";"22h 26m";"-32.84"
"77";"XAUUSD_M1_dukas_UTC2";"Buy";"1237.64";"1233.46";"2018.10.23 16:45:00";"2018.10.26 22:55:00";"1.0";"-582.21";"1222.64001";"1252.64001";"30499.67";"0.00";"IST";"End Of Friday (Time)";"3d 6h 10m";"-164.20"
"78";"XAUUSD_M1_dukas_UTC2";"Buy";"1229.71";"1214.71";"2018.10.29 15:45:00";"2018.10.31 10:02:00";"1.0";"-1565.68";"1214.70996";"1244.70996";"28933.99";"0.00";"IST";"SL";"1d 18h 17m";"-65.68"
"79";"XAUUSD_M1_dukas_UTC2";"Buy";"1215.24";"1230.24";"2018.10.31 18:45:00";"2018.11.01 14:25:00";"1.0";"1401.48";"1200.23999";"1230.23999";"30335.47";"0.00";"IST";"PT";"19h 40m";"-98.52"
"80";"XAUUSD_M1_dukas_UTC2";"Buy";"1231.25";"1232.85";"2018.11.01 17:45:00";"2018.11.02 22:55:00";"1.0";"127.16";"1216.25000";"1246.25000";"30462.63";"0.00";"IST";"End Of Friday (Time)";"1d 5h 10m";"-32.84"
"81";"XAUUSD_M1_dukas_UTC2";"Buy";"1230.67";"1215.67";"2018.11.05 18:15:00";"2018.11.09 15:21:00";"1.0";"-1697.04";"1215.67004";"1245.67004";"28765.59";"0.00";"IST";"SL";"3d 21h 6m";"-197.04"
"82";"XAUUSD_M1_dukas_UTC2";"Buy";"1210.59";"1209.29";"2018.11.09 18:15:00";"2018.11.09 22:55:00";"1.0";"-129.99";"1195.58997";"1225.58997";"28635.60";"0.00";"IST";"End Of Friday (Time)";"4h 40m";"-0.00"
"83";"XAUUSD_M1_dukas_UTC2";"Buy";"1203.08";"1218.08";"2018.11.12 19:30:00";"2018.11.16 10:17:00";"1.0";"1302.96";"1188.07996";"1218.07996";"29938.56";"0.00";"IST";"PT";"3d 14h 47m";"-197.04"
"84";"XAUUSD_M1_dukas_UTC2";"Buy";"1217.15";"1221.82";"2018.11.16 15:30:00";"2018.11.16 22:55:00";"1.0";"466.99";"1202.15002";"1232.15002";"30405.55";"0.00";"IST";"End Of Friday (Time)";"7h 25m";"-0.00"
"85";"XAUUSD_M1_dukas_UTC2";"Buy";"1220.62";"1222.10";"2018.11.19 15:45:00";"2018.11.30 22:55:00";"1.0";"-278.92";"1205.62000";"1235.62000";"30126.63";"0.00";"IST";"End Of Friday (Time)";"11d 7h 10m";"-426.92"
"86";"XAUUSD_M1_dukas_UTC2";"Buy";"1233.06";"1248.06";"2018.12.03 18:00:00";"2018.12.07 20:52:00";"1.0";"1302.96";"1218.06006";"1248.06006";"31429.59";"0.00";"IST";"PT";"4d 2h 52m";"-197.04"
"87";"XAUUSD_M1_dukas_UTC2";"Buy";"1244.47";"1238.38";"2018.12.10 17:15:00";"2018.12.14 22:55:00";"1.0";"-806.04";"1229.46997";"1259.46997";"30623.55";"0.00";"IST";"End Of Friday (Time)";"4d 5h 40m";"-197.04"
"88";"XAUUSD_M1_dukas_UTC2";"Buy";"1239.70";"1254.70";"2018.12.17 15:30:00";"2018.12.19 16:45:00";"1.0";"1434.32";"1224.69995";"1254.69995";"32057.87";"0.00";"IST";"PT";"2d 1h 15m";"-65.68"
"89";"XAUUSD_M1_dukas_UTC2";"Buy";"1255.85";"1255.21";"2018.12.19 18:30:00";"2018.12.21 22:55:00";"1.0";"-195.36";"1240.84998";"1270.84998";"31862.51";"0.00";"IST";"End Of Friday (Time)";"2d 4h 25m";"-131.36"
"90";"XAUUSD_M1_dukas_UTC2";"Buy";"1265.49";"1280.49";"2018.12.24 18:15:00";"2018.12.28 08:39:00";"1.0";"1302.96";"1250.48999";"1280.48999";"33165.47";"0.00";"IST";"PT";"3d 14h 24m";"-197.04"
"91";"XAUUSD_M1_dukas_UTC2";"Buy";"1277.49";"1280.30";"2018.12.28 18:15:00";"2018.12.28 22:55:00";"1.0";"281.01";"1262.48999";"1292.48999";"33446.48";"0.00";"IST";"End Of Friday (Time)";"4h 40m";"-0.00"
